SMILES,MW,logP,H-bond donor,H-bond acceptor,Rotatable bonds,TPSA,Ring counts,Heavy atoms counts,Fraction CSP3,Balaban J Index,pchembl_value
CC(C)[C@H](NC(=O)c1cc2cc(F)ccc2[nH]1)C(=O)N[C@@H](CC(=O)O)C(=O)CSCc1ccccc1,709.8440000000002,4.269300000000004,2.0,9.0,13.0,143.31,6.0,52.0,0.425,1.0302604026596545,5.58
COc1cc2c(cc1OC)S(=O)(=O)OC(C(=O)N[C@H](C=O)Cc1ccccc1)C2,419.45500000000015,1.260199999999999,1.0,7.0,7.0,108.0,3.0,29.0,0.3,1.7975622853318802,7.29
O=C(CF)CNC(=O)[C@H](Cc1ccccc1)NC(=O)c1cnnc2ccccc12,346.29,3.391800000000001,2.0,5.0,4.0,97.16,2.0,23.0,0.1666666666666666,1.9236647889725755,6.72
CC(C)C[C@H](NC(=O)[C@H](C)NC(=O)OC(C)(C)C)C(=O)N[C@@H](CC(F)F)C(=O)C(=O)O,479.5210000000002,1.8603000000000005,4.0,6.0,12.0,150.89999999999998,0.0,33.0,0.7619047619047619,5.575037623915833,5.05
CCC(NC(=O)C(CC(C)C)NC(=O)OCc1ccccc1)C(=O)C(=O)NCC(O)c1ccc(Oc2ccccc2)cc1,603.7160000000002,4.220200000000003,4.0,7.0,16.0,143.05999999999997,3.0,44.0,0.3529411764705882,1.4845249244099243,7.0
COC(=O)Cn1cc(COC[C@@H](C#N)NC(=O)[C@H](Cc2cccc(Br)c2)NC(=O)c2ccc(-c3ccccc3)cc2)nn1,475.6300000000002,3.5882000000000014,3.0,5.0,14.0,113.6,1.0,34.0,0.6153846153846154,2.8401052583948,7.17
Cc1noc2ccc(-c3ccc(C[C@@H](C#N)NC(=O)[C@@H]4CNCCCO4)cc3)cc12,326.3200000000001,0.8046799999999994,2.0,9.0,4.0,132.89999999999998,3.0,24.0,0.2857142857142857,1.837901233292164,7.8
CCCCCN(C[C@@H](O)[C@H](Cc1ccccc1)NC(=O)O[C@@H]1CCOC1=O)S(=O)(=O)c1ccc(OC)cc1,420.51300000000026,3.039980000000001,2.0,4.0,4.0,98.22,5.0,31.0,0.5416666666666666,1.360881371349237,7.18
O=c1ccc2[n+]([O-])c3ccc([O-])cc3oc-2c1.[Na+],398.4690000000001,3.615500000000001,3.0,6.0,5.0,107.97,4.0,27.0,0.0,1.8297873470872428,6.54
O=C(NCCNc1ccc(F)cc1)[C@H](CC1CCCCC1)Nc1nc2cc(F)ccc2o1,482.5280000000001,3.2484800000000016,3.0,5.0,9.0,125.07999999999998,2.0,33.0,0.3636363636363636,2.30659934306414,5.08
N#CC(Cc1ccc2c(c1)c(=O)[nH]c1ccc(Cl)cc12)NC(=O)[C@H]1N[C@@H]2CC[C@H]1C2,469.5450000000002,2.26488,4.0,5.0,6.0,126.88,6.0,35.0,0.4074074074074074,1.257641266588678,8.22
COc1ccc(S(=O)(=O)N(CC(C)C)C[C@@H](O)[C@H](Cc2ccccc2)NC(=O)O[C@H]2C[C@H]3OC(=O)N(c4ccccc4OC)[C@H]3C2)cc1,466.30100000000016,4.425780000000003,2.0,3.0,7.0,64.92,3.0,29.0,0.3333333333333333,1.8706432518850689,10.1
CC(C)[C@H](NC(=O)OCc1ccccc1)C(=O)NC(C=O)Cc1ccccc1,382.4600000000001,2.863800000000001,2.0,4.0,9.0,84.5,2.0,28.0,0.3181818181818182,1.9046057469716653,7.4
CC(C)[C@H](NC(=O)N(C)Cc1ccccn1)C(=O)N[C@@H](CC1CCCCC1)[C@H](O)[C@@H](O)[C@H](CC1CCCCC1)NC(=O)[C@@H](NC(=O)N(C)Cc1ccccn1)C(C)C,733.9140000000002,3.721070000000005,8.0,6.0,20.0,198.53,4.0,54.0,0.3095238095238095,1.4391973238671514,8.22
N=C1/C(=C/c2cn(Cc3ccccc3)c3ccccc23)C(=O)N=C2SC(SCc3ccccc3)=NN12,666.7759999999998,-1.3567999999999922,4.0,8.0,13.0,193.91,3.0,48.0,0.4411764705882353,2.566145067137873e-06,5.21
CN1CCN(N(C)c2nc(-c3ccc(C(=O)NC4(C(=O)NCC#N)CCCCC4)cc3)cs2)CC1,534.7300000000005,4.337280000000003,2.0,7.0,7.0,101.36,5.0,38.0,0.5862068965517241,1.1933870409989191,6.05
C=C[C@@H]1C[C@]1(NC(=O)[C@@H]1CN(S(=O)(=O)c2cnc(Cl)c(Br)c2)CN1C(=O)[C@@H](NC(=O)OC1CCCC1)C(C)(C)C)C(=O)NS(=O)(=O)C1CC1,696.2270000000002,1.8661000000000008,3.0,11.0,11.0,189.23,5.0,47.0,0.6666666666666666,1.4211008576664992,7.17
Cn1nc(C(C)(C)C)cc1C(=O)N[C@@H](Cc1cccc(Cl)c1)C(=O)NCC#N,477.5420000000003,3.043200000000001,0.0,6.0,7.0,96.88,5.0,34.0,0.24,1.3835431982361608,6.7
COc1cc(NC(C)CCCN)c2ncccc2c1.O=P(O)(O)O,269.325,3.4052000000000024,0.0,4.0,1.0,43.1,4.0,19.0,0.2,1.9976840129187217,5.72
O=C1C(=O)N(Cc2ccc(OCCF)cc2)c2ccc(S(=O)(=O)N3CC[C@H]3COc3cccnc3)cc21,541.5890000000003,3.2797600000000022,0.0,8.0,8.0,136.62,5.0,39.0,0.2142857142857142,1.4581224633048755,8.44
Nc1cccc(CN2C(=O)N(Cc3cccc(N)c3)C(Cc3ccccc3)C(O)C2CCc2ccccc2)c1,581.7140000000003,3.4331000000000023,3.0,8.0,14.0,138.96,3.0,42.0,0.5161290322580645,1.5157982909716334,8.77
CCCCNC(=O)C(=O)[C@H](CCC)NC(=O)[C@@H]1C[C@@H](S(=O)(=O)c2ccccc2Cl)CN1C(=O)C1(c2ncc(Cl)cc2F)CC1,738.8160000000003,2.295400000000001,6.0,9.0,18.0,234.37,3.0,52.0,0.3333333333333333,1.891170139365246,8.53
CC(C)C[C@H](NC(=O)OCc1ccccc1)C(=O)N[C@H](C=O)Cc1c[nH]cn1,404.5580000000002,3.874880000000004,1.0,4.0,7.0,59.370000000000005,3.0,30.0,0.44,1.7912403322464248,7.82
CCOC(=O)CSCC(=O)[C@H](Cc1ccccc1)NC(=O)[C@H](Cc1ccccc1)NC(=O)OCc1ccccc1,428.4850000000002,1.8880999999999992,3.0,6.0,8.0,113.96,3.0,31.0,0.4347826086956521,1.6614105792386449,7.51
CC(C)CC(NC(=O)C(c1ccccc1)c1ccccc1)C(=O)NC(Cc1ccccc1)C(=O)C(=O)NCCCN1CCOCC1,431.5980000000002,4.395700000000003,1.0,4.0,11.0,80.31,2.0,30.0,0.5,2.1251359873788034,5.42
N#Cc1ccc(Nc2nc(C#N)nc(N3CCNCC3)n2)cc1,311.34900000000005,0.9050799999999992,2.0,8.0,4.0,98.99,3.0,23.0,0.3333333333333333,1.836781658432588,7.24
C[C@H](NC(=O)C(=O)Nc1ccccc1F)C(=O)N[C@@H](CC(=O)O)C(=O)COC(=O)c1c(Cl)cccc1Cl,479.3830000000002,0.0372000000000019,4.0,6.0,10.0,150.9,1.0,33.0,0.4210526315789473,3.0159410658646477,6.94
Cc1ccc(C[C@H](NC(=O)c2ccc3c(c2)OCCO3)C(=O)N[C@H](/C=C(\F)S(=O)(=O)Oc2ccccc2)CCc2ccccc2)cc1,904.007,7.870800000000008,3.0,12.0,19.0,178.20999999999998,8.0,64.0,0.5208333333333334,1.1294443522894504,8.15
O=C(Nc1cccc(CNC(=O)c2sc3ccccc3c2OCc2ccccc2)c1)c1ccccc1,409.4890000000002,4.168380000000003,1.0,3.0,7.0,73.2,4.0,31.0,0.1923076923076923,1.5253016152835512,5.66
CC(C)C[C@@H](NS(=O)(=O)c1cccc(-c2ccccc2)c1)C(=O)NC1(C#N)CC1,507.6150000000002,6.244800000000004,3.0,5.0,8.0,93.45,5.0,37.0,0.0666666666666666,1.2810727128905637,6.07
CC(C)CC(NC(=O)OCc1ccccc1)C(=O)NC(Cc1ccccc1)C(=O)C(=O)NCC(O)c1ccc(Oc2ccccc2)cc1,463.5750000000003,2.0702000000000003,4.0,6.0,15.0,133.82999999999998,1.0,33.0,0.5833333333333334,2.6322135041929875,5.68
CC(C)C[C@H](NC(=O)[C@@H]1C[C@@H](S(=O)(=O)c2ccccc2Cl)CN1C(=O)C1(c2ncc(Cl)cc2F)CC1)C(=O)C(=O)NC1CC1,454.5520000000001,1.9528799999999995,2.0,5.0,8.0,133.36,3.0,32.0,0.3478260869565217,1.7736502146120878,6.85
CC(C)[C@H](NC(=O)[C@H](C)NC(=O)[C@@H](N1Cc2ccccc2C1=O)C(C)(C)C)C(=O)C(=O)NCc1ccc(S(N)(=O)=O)cc1,342.46400000000017,3.1480000000000024,1.0,4.0,3.0,51.1,6.0,24.0,0.5789473684210527,1.3549524926460137,5.52
CC(C)C[C@H](NC(=O)C(C)Oc1cccc2ccccc12)C(=O)N[C@H]1CC(=O)OC1O,444.48400000000015,1.5082000000000009,3.0,7.0,9.0,123.19,3.0,32.0,0.4347826086956521,1.636564472038403,5.88
CC(C)CNC(=O)C(=O)C(Cc1ccccc1)NC(=O)C(CC(C)C)NC(=O)OCc1ccccc1,495.6200000000003,3.396300000000001,3.0,5.0,13.0,113.6,2.0,36.0,0.4285714285714285,2.110638797108793,7.19
COc1ccc(NCCNC(=O)[C@H](CC(C)C)NC(=O)c2ccccc2)cc1,467.6100000000003,4.877200000000004,3.0,5.0,12.0,88.69,3.0,34.0,0.4814814814814814,1.3779290153619512,6.5
COC(=O)N[C@H](C(=O)N[C@@H](Cc1ccccc1)[C@@H](O)CN(Cc1ccc(-c2ccccn2)cc1)NC(=O)[C@@H](NC(=O)OC)C(C)(C)C)C(C)(C)C,293.366,4.374000000000003,1.0,2.0,5.0,42.09,3.0,22.0,0.2105263157894736,1.890792916866252,8.57
C[C@H](NC(=O)O[C@H](Cn1ccc(C(F)(F)F)n1)C(C)(C)C)C(=O)CNS(=O)(=O)c1ccccn1,654.7769999999999,2.1510000000000025,5.0,8.0,19.0,162.92999999999998,2.0,45.0,0.5161290322580645,2.231864666148738,6.52
CCCC[C@H](NC(=O)O[C@H](Cc1nnc(-c2ccc(F)cc2)o1)C(C)(C)C)C(=O)C(=O)N[C@H](C)c1ccccc1,376.497,3.906500000000003,2.0,4.0,11.0,84.5,1.0,27.0,0.5714285714285714,2.717826240505723,9.43
CCC(NC(=O)[C@@H]1C[C@@H](S(=O)(=O)c2ccccc2)CN1C(=O)c1ccncc1)C(=O)c1nc2ccccc2o1,397.47900000000016,0.5218000000000005,4.0,5.0,11.0,140.2,2.0,29.0,0.3333333333333333,2.126285022965338,8.48
N#CC1(NC(=O)[C@@H]2CCCC[C@H]2C(=O)N2CCN(c3nc(C(F)(F)F)cs3)CC2)CC1,313.31700000000006,0.5323,0.0,8.0,3.0,91.9,3.0,23.0,0.2666666666666666,2.283433944695116,5.2
COc1ccc(-c2c3cc4c(cc3cc(=O)n2NC(=O)Nc2ccc(SC)cc2)OCO4)cc1,403.5040000000003,2.0712,0.0,6.0,4.0,79.27999999999999,5.0,28.0,0.6,1.4909142945330736,6.07
CN(C#N)N(C)C(=O)[C@H](Cc1ccccc1)NC(=O)c1cc(C(C)(C)C)nn1C,480.9490000000003,0.807800000000001,4.0,7.0,5.0,151.05999999999997,3.0,33.0,0.5454545454545454,1.7470860525546124,8.8
CCCNC(=O)CCC(=O)Nc1ccc2c(c1)C(=O)C(=O)NC2=O,258.23299999999995,0.4877999999999996,2.0,4.0,2.0,92.34,3.0,19.0,0.2307692307692307,2.0339682296894823,7.23
CCCC[C@H](NC(=O)O[C@H](Cn1cnc(-c2ccc(C(F)(F)F)cc2)c1)C(C)(C)C)C(=O)C(=O)Nc1ccn[nH]1,573.6160000000002,5.871400000000005,2.0,7.0,11.0,115.21,3.0,41.0,0.4137931034482758,1.6788419671841872,6.8
COC(=O)C[C@H](NS(=O)(=O)c1cccc2ccccc12)C(=O)N[C@@H](C=O)Cc1c[nH]c2ccccc12,507.5680000000002,2.4575000000000005,3.0,6.0,10.0,134.42999999999998,4.0,36.0,0.1923076923076923,1.568223311033742,7.19
CCCC[C@@H](C#N)n1cc([C@@](C)(NC(=O)c2ccccc2)C(C)C)nn1,606.8170000000003,6.032200000000007,0.0,6.0,9.0,93.22,5.0,42.0,0.375,1.3161626388096743,6.06
C=CC(=O)Nc1cc(Oc2nc(Nc3ccc(N4CCN(C)CC4)nc3OC)ccc2N2CCCCC2)ccc1C,604.7520000000002,2.763100000000003,5.0,6.0,13.0,166.74999999999997,3.0,44.0,0.4242424242424242,1.8346370740423907,7.54
CNCC(C(=O)N1CC2=C(C1)CN(S(=O)(=O)c1ccc3c(c1)OCCO3)C2)C1CCCC1C,538.6510000000003,3.2598200000000013,1.0,9.0,6.0,102.76,6.0,37.0,0.3076923076923077,1.24544407721816,5.7
COc1cccc2[nH]c(C(=O)N[C@@H](CC(C)C)C(=O)N[C@H](C#N)C[C@@H]3CCCNC3=O)cc12,526.8060000000004,5.867100000000005,3.0,3.0,3.0,78.43,5.0,38.0,0.8787878787878788,1.5531819338061978,6.19
CC1=C(O)/C(=C/C(C)CC/C=C(/C)CCCc2coc(Cc3ccoc3)c2)OC1=O,410.4770000000002,3.262080000000001,2.0,4.0,7.0,94.88,4.0,31.0,0.2,1.4918220307045134,5.46
CC(=O)N[C@H](C(=O)N[C@H](C(=O)N[C@@H](CC(C)C)[C@@H](O)CC(=O)N[C@@H](C)C(=O)N[C@@H](CC(C)C)[C@@H](O)CC(=O)O)C(C)C)C(C)C,470.61800000000034,2.5633800000000004,3.0,8.0,9.0,123.4,4.0,34.0,0.76,1.4165001662658534,5.96
N#Cc1ncc(C(=O)NCCc2ccccc2)c(NCC2CCCCC2)n1,462.4360000000004,4.603780000000004,1.0,6.0,7.0,74.07,4.0,29.0,0.7727272727272727,1.3062551605314296,7.82
CC(=O)Oc1cccc(/C(=N\NC(N)=S)c2cccc(Br)c2)c1,627.6910000000001,3.314900000000001,2.0,8.0,12.0,134.71,5.0,44.0,0.3548387096774194,1.3512192847718787,5.8
O=C[C@H](CC(=O)O)NC(=O)C(CCCCNS(=O)(=O)c1ccc(O)c(C(=O)O)c1)c1ccccc1Cl,540.9780000000002,2.1346000000000007,5.0,7.0,14.0,187.17,2.0,36.0,0.3043478260869565,2.0407507435047045,6.7
Cc1cc(Cl)cc(-c2ccnc3cc(CN4C(=O)CCC4=O)sc23)c1CN1CCNC[C@@H]1C,348.42700000000013,3.5706200000000026,0.0,5.0,3.0,44.0,4.0,25.0,0.1,1.8350827737651865,6.55
CC(C)[C@H](NC(=O)OCc1ccccc1)C(=O)NCC(=O)N[C@@H](CC(=O)O)C(=O)O,314.38200000000006,0.5316000000000012,3.0,4.0,9.0,108.03000000000002,1.0,22.0,0.8,2.511027621174293,5.89
CC(C)C[C@H](NS(=O)(=O)c1ccc(-c2ccccc2)cc1)C(=O)NC1(C#N)CC1,369.87400000000014,2.20538,2.0,4.0,7.0,99.06,2.0,24.0,0.5,2.2078017995581867,7.6
O=C(C(O)c1cccc(N2CCC3(CC2)COC3)c1)N1CC2=C(C1)CN(S(=O)(=O)c1cnc3c(c1)OCCO3)C2,433.55600000000027,3.3842000000000017,1.0,5.0,5.0,74.23,5.0,32.0,0.48,1.3774543143953415,6.7
CNC(=O)c1c(-c2ccc(F)cc2)oc2cc(N(C)S(C)(=O)=O)c(-c3ccc4c(n3)-c3cc5c(F)cncc5n3CO4)cc12,682.774,5.625900000000008,3.0,8.0,8.0,126.04000000000002,7.0,49.0,0.2162162162162162,1.4660929498382147,8.68
CC(=O)n1nc(-c2ccc(CC(C#N)NC(=O)[C@H]3N[C@@H]4CC[C@H]3C4)c(F)c2)cc1C,411.4810000000001,2.026979999999999,2.0,6.0,8.0,91.97,4.0,30.0,0.5,1.3892068358174192,8.72
COc1ccc(OC)c(/C=C/C(=O)c2ccc(Cl)cc2Cl)c1,482.6010000000001,7.185300000000007,1.0,5.0,7.0,55.76,5.0,35.0,0.1666666666666666,1.4558209454940298,6.12
N#Cc1ccc(-c2ccc(C[C@@H](C#N)NC(=O)[C@H]3N[C@H]4C[C@@H]3[C@@H](F)C4)cc2)cc1F,424.5260000000002,1.84348,2.0,6.0,6.0,111.95,4.0,30.0,0.4090909090909091,1.3830988291386823,7.18
O=C(Nc1cccc(CNC(=O)c2sc3ccccc3c2OCc2ccccc2)c1)c1cc2ccccc2s1,457.5780000000002,3.611080000000002,1.0,5.0,8.0,91.02,3.0,34.0,0.3333333333333333,1.788395031702506,5.64
CN1CCN(CCOc2ccc(COc3ccccc3Nc3nc(C#N)nc4c3ncn4C3CCCC3)cc2)CC1,262.721,4.118500000000003,0.0,4.0,2.0,38.92,3.0,17.0,0.0,2.020422088857601,7.3
CC(=O)N[C@@H](Cc1ccc(O)cc1)C(=O)N[C@H](C(=O)N[C@@H](C)C(=O)N[C@@H](CC(=O)O)C(=O)CCCCCc1ccccc1)C(C)C,510.6350000000003,2.3019000000000016,3.0,6.0,14.0,116.84,2.0,37.0,0.4285714285714285,2.0978680123703164,7.96
CC(C)(F)C[C@H](N[C@@H](c1ccc(-c2ccc(S(C)(=O)=O)cc2)cc1)C(F)(F)F)C(=O)NCC#N,591.596,6.602980000000007,3.0,4.0,12.0,85.15,3.0,42.0,0.3548387096774194,1.8255131014359336,6.74
CC(C)(C)c1cc2nc3n(c(O)c-2n1)[C@H](C(=O)N[C@H]1CC(=O)OC1O)CC3,269.345,1.56558,2.0,4.0,5.0,91.22,0.0,19.0,0.7692307692307693,4.550904809809151,5.64
CCCC(NC(=O)[C@@H]1[C@H]2CCC[C@H]2CN1C(=O)[C@@H](NC(=O)[C@@H](NC(=O)c1cnccn1)C1CCCCC1)C(C)(C)C)C(=O)C(=O)NC1CC1,438.56800000000015,4.695700000000004,2.0,4.0,11.0,84.5,2.0,32.0,0.4230769230769231,1.961880585214792,5.52
N#CC1(NC(=O)[C@H](Cc2ccc(Cl)c(Cl)c2)NC(=O)c2cnn(C3COC3)n2)CC1,498.8490000000002,1.9148799999999997,2.0,8.0,8.0,131.16,4.0,34.0,0.45,1.499602853240065,7.48
CCOP(=O)(/C=C/[C@@H](NC(=O)[C@H](Cc1ccccc1)NC(=O)[C@H](CO[C@H]1O[C@@H]2O[C@@]3(C)CC[C@H]4[C@H](C)CC[C@@H]([C@H]1C)[C@@]24OO3)NC(=O)OCc1ccccc1)c1ccccc1)OCC,535.6010000000002,3.071500000000001,2.0,8.0,6.0,111.8,6.0,38.0,0.2592592592592592,1.210204231431432,5.56
CCCn1c(=O)c(C#N)nn(CC2CCCCC2)c1=O,301.37100000000004,2.3712800000000005,0.0,5.0,4.0,83.71,2.0,21.0,0.2666666666666666,2.561923228873209,5.96
COC[C@H](NC(=O)[C@H](CC(=O)NCC(C)(C)C)NS(=O)(=O)c1ccc(C)cc1)C(=O)N[C@@H](CC(C)C)C(=O)c1nnc(-c2ccccc2)o1,635.7580000000002,4.230600000000004,1.0,8.0,11.0,131.32000000000002,4.0,46.0,0.5142857142857142,1.4468409181359994,5.09
CC(C)CC(NC(=O)CNCC(Cc1ccccc1)c1ccccc1)C(=O)N[C@H]1CC(=O)OC1O,481.5930000000002,1.8834999999999995,4.0,6.0,12.0,116.76000000000002,3.0,35.0,0.4444444444444444,1.5467137419006871,6.23
CC(C)CN(C[C@@H](O)[C@H](Cc1ccccc1)NC(=O)O[C@H]1CCOC1)S(=O)(=O)c1ccc(N)cc1,344.4150000000002,2.25788,1.0,5.0,5.0,85.67,2.0,25.0,0.5,1.959388097557364,9.22
CC(=O)Nc1ccc(-c2cc3[nH]cnc3c(C#N)n2)cc1C(F)(F)F,257.724,3.6211800000000025,0.0,3.0,3.0,49.57,2.0,18.0,0.2142857142857142,2.4994176389221616,5.49
O=C(N[C@@H](Cc1ccccc1)C(=O)NC1CC(=O)N(CCc2ccccc2)CC1=O)OCc1ccccc1,513.5940000000004,3.053000000000001,2.0,5.0,10.0,104.81000000000002,4.0,38.0,0.2666666666666666,1.3482513035673476,7.03
CC(=O)N[C@H](C(=O)N[C@@H](CC(=O)O)C(=O)N[C@H](C(=O)N1CCCC[C@H]1C(=O)N[C@H]1CC(=O)OC1O)C(C)C)C(C)C,822.9530000000003,4.335420000000004,6.0,15.0,4.0,220.14999999999995,6.0,59.0,0.5348837209302325,1.7035908752452276,5.95
COC(=O)c1cc(OCC(=O)[C@H](CC(=O)O)NC(=O)[C@@H](NC(=O)C(=O)Nc2cccc3ccccc23)C(C)C)no1,531.3900000000003,1.4328999999999992,4.0,6.0,10.0,150.9,2.0,37.0,0.2272727272727272,2.024679322671165,7.02
O=C(N[C@@H](CC1CCCCC1)C(=O)NCCNc1ccc(OC(F)(F)F)cc1)c1ccc(-c2cccc(C(F)(F)F)c2)o1,501.5460000000005,4.355900000000004,3.0,6.0,10.0,97.92000000000002,3.0,35.0,0.6666666666666666,1.4969010430232872,5.07
CCc1cccc(C(CNC)C(=O)N2CC3=C(C2)CN(S(=O)(=O)c2ccc4c(c2)OCCO4)C3)c1,509.5880000000003,1.2518,1.0,8.0,6.0,105.48,6.0,36.0,0.36,1.1704682600187728,9.0
CC[C@H](NC(=O)[C@@H]1C[C@@H](S(=O)(=O)c2ccc(O[C@@H](C)C(F)(F)F)cc2Cl)CN1C(=O)C1(c2ccc(Cl)cc2)CC1)C(=O)C(=O)NC1CC1,628.8829999999999,2.58008,2.0,7.0,6.0,132.26,5.0,38.0,0.4166666666666667,1.518527354317257,6.47
CC(C)C[C@@H](C(=O)NCC#N)c1cccc(-c2ccc(N3CCNCC3)cc2)c1,330.2510000000001,2.97698,2.0,4.0,6.0,64.92,1.0,18.0,0.5,2.6942130183959483,5.7
O=C(N[C@@H](Cc1ccccc1)C(=O)N[C@@H](Cc1ccccc1)C(=O)CSC1CCCC1)OCc1ccccc1,667.0800000000002,5.8376000000000055,1.0,5.0,10.0,86.78999999999999,5.0,42.0,0.2,4.049991339319088e-06,7.46
CCNC(=O)C(=O)[C@@H](NC(=O)[C@@H](NC(=O)CCCCC1CCSS1)C(C)C)c1ccccc1,507.7220000000004,3.274000000000001,3.0,6.0,14.0,104.37,2.0,34.0,0.6,1.95352847842052,6.4
CCCCOC(=O)C(=O)C(Cc1ccccc1)NC(=O)C(CC(C)C)NC(=O)OCc1ccccc1,496.6040000000003,3.967400000000002,2.0,6.0,14.0,110.8,2.0,36.0,0.4285714285714285,2.0967393584597414,5.3
CC(C)[C@H](NC(=O)OCc1ccccc1)C(=O)NC(C=O)Cc1ccccc1,262.31699999999995,0.1792799999999998,3.0,7.0,4.0,111.09,2.0,19.0,0.5833333333333334,2.2717973653132013,5.87
O=C1C[C@H](NC(=O)[C@@H]2COC[C@@H]3C/C=C\C[C@H](NC(=O)c4ccccc4C(F)(F)F)C(=O)N32)C(O)O1,576.6060000000002,1.103299999999999,3.0,8.0,6.0,154.57999999999998,5.0,42.0,0.3666666666666666,1.3762538589368418,7.3
Cc1cc(-c2ccc(C[C@@H](C#N)NC(=O)[C@H]3N[C@@H]4CC[C@H]3C4)cc2)cnc1C#N,774.2490000000003,2.2569000000000004,6.0,10.0,18.0,247.26,3.0,53.0,0.3428571428571428,1.8861757706722933,8.1
O=C[C@H](CC(=O)O)NC(=O)c1cncc(-c2ccc(C(=O)O)cc2)c1,543.6200000000001,4.329700000000003,2.0,6.0,10.0,114.04,4.0,40.0,0.2903225806451613,1.3132809381528356,5.76
C[C@H]1Cc2ccc(C(F)(F)F)cc2S(=O)(=O)N(C[C@@H](O)[C@H](Cc2ccccc2)NC(=O)OC(C)(C)C)C1,615.6810000000003,-1.7025999999999912,7.0,10.0,15.0,238.56,1.0,43.0,0.7407407407407407,3.133725633611898,7.0
COc1ccc(Br)cc1[C@H](C(=O)N[C@H](C(=O)N[C@@H](CC(=O)O)C(=O)CSCc1ccccc1)C(C)C)C1CC1,381.2290000000001,4.414740000000003,0.0,3.0,1.0,50.27,4.0,24.0,0.1052631578947368,2.0268340357073797,5.0
CN(c1cc2oc(-c3ccc(F)cc3)c(C(=O)NC3COC3)c2cc1-c1ccc2c(n1)-c1cc3c(F)cccc3n1CO2)S(C)(=O)=O,660.6740000000002,6.896800000000006,1.0,7.0,8.0,106.67,7.0,47.0,0.1764705882352941,1.507300187874423,7.82
C=CCNC(=O)[C@@H](NC(=O)[C@](O)(CCCN(Cc1ccc(Br)cc1)NC(=O)[C@@H](NC(=O)OC)C(C)(C)C)Cc1ccc(C=C)cc1)C(C)(C)C,430.5300000000003,0.4592800000000008,2.0,6.0,5.0,119.37,4.0,30.0,0.5714285714285714,1.5875826913472253,6.14
CC(=O)N[C@@H](Cc1ccc(O)cc1)C(=O)N[C@H](C(=O)N[C@@H](C)C(=O)N[C@H](C=O)CC(=O)O)C(C)C,493.5130000000002,0.4272000000000014,5.0,8.0,12.0,180.36,2.0,35.0,0.5217391304347826,2.03182241829049,9.12
COC[C@@H]1CCCN1S(=O)(=O)c1ccc2c(c1)C(=O)C(=O)N2Cc1cn(-c2ccccc2)nn1,616.6710000000002,4.241060000000004,0.0,8.0,13.0,132.96,5.0,44.0,0.28125,1.359461404368516,7.68
c1cc(CN2CCN(c3cc(N4CCCC4)nc(N4CCCC4)n3)CC2)ccn1,574.7470000000001,3.659900000000002,2.0,5.0,11.0,98.82,4.0,41.0,0.3125,1.5243503532053186,6.84
[C-]#[N+]c1cc(F)ccc1-c1oc2cc(N(C)S(C)(=O)=O)c(-c3ccc4c(n3)-c3cc5c(F)cccc5n3CC4)cc2c1C(=O)NC,642.6840000000001,5.906600000000006,2.0,7.0,6.0,117.67,7.0,46.0,0.1764705882352941,1.5007215048041913,7.78
CC(C)C[C@H](NC(=O)c1cc2ccccc2o1)C(=O)N[C@@H]1C[C@@H](C)CN(S(=O)(=O)c2ccccn2)CC1=O,409.39800000000014,1.8954,3.0,6.0,7.0,130.67,3.0,30.0,0.1904761904761904,1.5535645254615105,6.82
NC(=O)N1CCc2c(c(-c3ccc(Cl)c(C#Cc4ccc(C(=O)NCc5ccc(Cl)cc5)cc4)c3)nn2CCCN2CCSCC2)C1,557.0690000000003,1.5755000000000017,4.0,7.0,9.0,175.96999999999997,2.0,37.0,0.5,2.242115523300942,6.92
Cc1cccc(C)c1CNC(=O)[C@H]1N(C(=O)[C@@H](O)[C@H](Cc2ccccc2)NC(=O)[C@@H](NC(=O)COc2cccc(N(C)C)c2)[C@H]2CCOC2)CSC1(C)C,611.6550000000002,3.2876200000000004,4.0,10.0,8.0,160.76,6.0,45.0,0.303030303030303,1.2617809298915577,6.78
NC(=S)N/N=C(/c1cc(C(F)(F)F)cc(C(F)(F)F)c1)c1cccs1,500.62100000000027,3.797500000000002,4.0,6.0,8.0,125.63,2.0,35.0,0.36,1.8788192720413497,8.0
Cn1c(=O)oc2ccc(-c3ccc(C[C@@H](C#N)NC(=O)[C@@H]4CNCCCO4)cc3)cc21,585.7010000000002,4.966200000000004,2.0,5.0,13.0,105.23,4.0,42.0,0.1818181818181818,1.572577446812185,7.82
Cc1cnc(-c2ccccc2C(C)C)nc1NCc1ccc(-c2cccnc2)cc1,392.41300000000007,4.582420000000004,1.0,6.0,6.0,68.52000000000001,4.0,29.0,0.1428571428571428,1.5315725622264498,7.16
CC[C@H](C)[C@H](NC(C)=O)C(=O)N[C@@H](CCC(=O)O)C(=O)N[C@H](C(=O)N[C@H](C=O)CC(=O)O)[C@@H](C)O,646.7420000000002,-2.611599999999992,9.0,9.0,15.0,249.28,7.0,46.0,0.8064516129032258,1.1823167407792667,8.38
CC(=O)N[C@H](C(=O)N[C@@H](CC(=O)O)C(=O)N[C@H](C(=O)N1CC[C@H](c2ccc(C)cc2)[C@H]1C(=O)N[C@H]1CC(=O)OC1O)C(C)C)C(C)C,375.90600000000006,4.4029000000000025,1.0,5.0,6.0,58.64,3.0,24.0,0.1176470588235294,1.6725290177327596,5.56
COc1cccc(Nc2nc(C#N)nc(N3CCOCC3)n2)c1,543.6270000000002,4.203400000000003,2.0,6.0,11.0,105.98,5.0,41.0,0.1212121212121212,1.336395751861343,6.7
CCC(C)[C@H](NC(=O)NCc1ccccc1)C(=O)N[C@@H](CC(C)C)C(=O)N[C@@H](CC(F)F)C(=O)C(=O)O,376.8810000000002,1.2290000000000003,2.0,5.0,11.0,97.03000000000002,1.0,25.0,0.8235294117647058,2.501960044014146,5.48
CC(C)C[C@H](NC(=O)COc1ccc2ccccc2c1)C(=O)N[C@H]1CC(=O)OC1O,414.4580000000002,1.4995999999999998,3.0,6.0,8.0,113.96,3.0,30.0,0.4090909090909091,1.567225922898324,5.05
FC(F)(F)Oc1ccc(Nc2nc(Nc3ccccc3)ncc2Cl)cc1,463.89500000000015,4.782800000000004,2.0,7.0,5.0,69.21000000000001,4.0,32.0,0.2857142857142857,1.4596199766848268,5.68
CS(=O)(=O)N1CCc2c(c(-c3ccc(C(F)(F)F)cc3)nn2CC(O)CN2CCC(N3C(=O)OCc4ccccc43)CC2)C1,633.6930000000001,3.137500000000001,1.0,8.0,7.0,108.21,6.0,44.0,0.4666666666666667,1.1527802173813475,7.06
CCCC[C@H](NC(=O)OC(C(C)C)C(C)C)C(=O)C(=O)Nc1[nH]ncc1C#N,483.3480000000002,2.8064000000000004,3.0,6.0,8.0,113.96,3.0,32.0,0.4090909090909091,1.6639082586967888,9.04
CC(C)[C@H](OC(=O)Nc1cccc(F)c1)C(=O)NC(CC(=O)O)C(=O)CF,646.736,3.546420000000002,1.0,9.0,7.0,105.6,6.0,45.0,0.4838709677419355,1.176733071131605,8.22
COc1ccc(C[C@H](NC(=O)[C@H](Cc2ccccc2)NC(=O)OCc2ccccc2)C(=O)O)cc1,476.5290000000002,3.344800000000002,3.0,5.0,11.0,113.96000000000002,3.0,35.0,0.2222222222222222,1.6798539691541414,6.98
CC(C)CN(C[C@@H](O)[C@H](Cc1ccc(-c2ccncc2)cc1)NC(=O)O[C@H]1CCOC1)S(=O)(=O)c1ccc(N)cc1,417.4590000000001,-1.3287999999999935,5.0,8.0,8.0,169.44,2.0,29.0,0.8333333333333334,1.913842727317886,10.07
CCCC[C@H](NC(=O)O[C@@H]1C(=O)N(C(=O)Oc2ccc3ccccc3c2)CC1(C)C)C(=O)C(=O)N[C@H](C)c1ccccc1,416.5210000000001,4.225200000000004,1.0,3.0,11.0,58.64,3.0,31.0,0.2307692307692307,1.5813971056560443,7.24
CC(C)[C@H](NC(=O)C(=O)Nc1cccc2ccccc12)C(=O)N[C@@H](CC(=O)O)C(=O)COC(=O)c1c(Cl)cccc1Cl,527.4270000000004,0.9714999999999993,4.0,6.0,11.0,150.9,2.0,37.0,0.2608695652173913,1.9718032678043464,8.4
CC(C)C[C@H](NC(=O)N1CCOCC1)C(=O)N[C@H](C#N)C(C)C,324.425,1.1072800000000007,2.0,4.0,6.0,94.46,1.0,23.0,0.8125,2.6850719494391866,5.85
C[C@H]1C[C@@H](NS(=O)(=O)c2cc(Br)ccc2Br)CN1C#N,325.39000000000004,0.9259799999999998,1.0,6.0,5.0,91.66,2.0,22.0,0.5,2.260383193098535,8.7
CC(C)[C@H]1CN(C(=O)[C@@H](NC(=O)c2ccc(N3CCN(C)CC3)cc2)C(C)(C)C)[C@@H]2C(=O)CO[C@H]12,464.42900000000014,1.4280599999999997,1.0,8.0,5.0,139.83999999999995,3.0,32.0,0.3157894736842105,2.029369496213119,9.1
O=C1C[C@H](NC(=O)[C@@H]2CC[C@@H]3CCCC[C@H](NC(=O)c4nccc5ccccc45)C(=O)N32)C(O)O1,464.52500000000026,4.053980000000002,4.0,4.0,7.0,118.01000000000002,5.0,35.0,0.1785714285714285,1.3783339100010532,7.96
CCCCN(C)CNCC(=O)[C@H](CC(=O)O)NC(=O)C(CC)n1ccnc(NCc2nonc2C)c1=O,513.5760000000001,2.256500000000001,3.0,10.0,14.0,156.42000000000002,3.0,36.0,0.3333333333333333,1.672201305858284,10.51
CC(C)[C@H](CC(=O)NCCc1cccc2ncccc12)C(=O)N[C@H](C=O)CC(=O)O,413.4740000000002,1.7141999999999995,3.0,5.0,11.0,125.46,2.0,30.0,0.4090909090909091,1.9071202173836053,8.74
CCC(C(=O)N[C@@H](CC(=O)O)C(=O)CNCCc1ccccc1)n1cccc(NC(=O)c2ccc3ccccc3c2)c1=O,582.6570000000002,3.565800000000003,4.0,7.0,14.0,146.6,4.0,43.0,0.2424242424242424,1.4302134978524752,9.43
CC(C)(C)NC(=O)[C@@H]1C[C@@H]2CCCC[C@@H]2CN1C[C@@H](O)[C@H](Cc1cccs1)NC(=O)[C@H](CC(N)=O)NC(=O)c1ccc2ccccc2n1,470.2360000000001,5.072300000000002,2.0,2.0,3.0,50.41,2.0,27.0,0.125,2.740426413582524,7.68
O=C(O)CCCC#CC#C/C=C/CCCCC#C/C=C/Br,472.5930000000004,4.130780000000003,0.0,7.0,7.0,87.28,5.0,35.0,0.4814814814814814,1.2686810546957343,5.1
CC(C)CC(NC(=O)CNCC(Cc1ccccc1)c1ccccc1)C(=O)N[C@H]1CC(=O)OC1O,481.5930000000002,1.8834999999999995,4.0,6.0,12.0,116.76000000000002,3.0,35.0,0.4444444444444444,1.5467137419006871,6.5
CN1CCN(c2cccc(C(O)C(=O)N3CC4=C(C3)CN(S(=O)(=O)c3ccc5c(c3)N(C)CCO5)C4)c2)CC1,326.3710000000001,4.271600000000003,1.0,3.0,3.0,47.14,4.0,24.0,0.3157894736842105,1.826707211901322,6.7
N#Cc1nc(NCc2cccc(-c3c(F)c(F)c(F)c(F)c3F)c2)c2ncn(CCCO)c2n1,607.991,4.950100000000004,0.0,6.0,6.0,67.67,5.0,39.0,0.3928571428571428,1.457658555907813,5.57
COc1ccc(S(=O)(=O)N(CC(C)C)C[C@@H](O)[C@H](Cc2ccccc2)NC(=O)CN(CC(N)=O)[C@H]2CCOC2)cc1,342.2260000000001,2.777680000000001,2.0,3.0,6.0,81.99000000000001,1.0,22.0,0.4,2.858452876432336,7.69
CC(C)CN(C[C@@H](O)[C@H](Cc1ccccc1)NC(=O)O[C@H]1C[C@H]2CO[C@H]3OC1C[C@@H]23)S(=O)(=O)c1ccc2nc(NC3CC3)sc2c1,461.59500000000025,2.9277000000000006,3.0,8.0,5.0,119.96,5.0,33.0,0.4166666666666667,1.279182099959121,10.57
CC(=O)N[C@@H](CC(=O)O)C(=O)N[C@@H](CCC(=O)O)C(=O)N[C@H](C(=O)N[C@H]1CC(=O)OC1O)C(C)C,502.4770000000002,-2.793699999999994,7.0,9.0,13.0,237.52999999999997,1.0,35.0,0.65,2.9924469053916143,7.3
CC(C)C[C@H](N[C@H](c1ccc(-c2ccccc2)cc1)C(F)(F)F)C(=O)NC1(C#N)CC1,466.30100000000016,4.425780000000003,2.0,3.0,7.0,64.92,3.0,29.0,0.3333333333333333,1.8706432518850689,7.2
N#CC1(NC(=O)[C@@H]2C[C@@H](S(=O)(=O)c3ccccc3)CN2C(=O)c2ccccc2)CC1,455.5110000000002,2.8052800000000007,2.0,5.0,6.0,116.13,4.0,32.0,0.3478260869565217,1.5859968461588572,7.54
CN1CCN(CCCOc2ccc(-c3cccc(C#N)n3)cc2C(F)(F)F)CC1,333.273,3.3090800000000016,1.0,5.0,3.0,87.48,3.0,24.0,0.2,2.1791214598456983,5.78
COc1ccc(C(=O)c2cccc(/C(=N/NC(N)=S)c3ccc(O)cc3)c2)cc1,402.4730000000002,3.4458600000000024,2.0,4.0,5.0,88.71000000000001,5.0,30.0,0.375,1.3921507978631864,5.21
CC(C)[C@H](CC(=O)NCCc1cc(N(C)C)nc2ccccc12)C(=O)N[C@H](C=O)CC(=O)O,418.4460000000003,2.0478999999999994,2.0,6.0,9.0,122.24,3.0,30.0,0.5238095238095238,1.5198872646110284,8.44
Cc1ccc2c(N)c(C(=O)NCCc3ccc(N4CCNCC4)c(OC(F)F)c3)sc2n1.O=CO,485.6570000000003,4.5444400000000025,3.0,6.0,6.0,83.28,5.0,35.0,0.2857142857142857,1.333702705830898,6.7
O=CC(Cc1ccccc1)NC(=O)[C@H]1CCCN1S(=O)(=O)c1ccccc1[N+](=O)[O-],420.9180000000001,2.4195,1.0,4.0,7.0,83.55000000000001,3.0,28.0,0.3,1.729706352631479,5.34
CCC[C@H](NC(=O)C1(NC(=O)c2ccc(OC(F)(F)F)cc2)CCCCC1)C(=O)c1nnc(OC)o1,365.4990000000001,1.91962,4.0,4.0,6.0,82.62,2.0,25.0,0.5555555555555556,1.9567994930689088,6.5
CC[C@@H]1OCC(=O)[C@H]1NC(=O)[C@H](CC1(C)CCCC1)NC(=O)c1ccc(NS(=O)(=O)c2ccccc2)cc1,307.397,2.6417800000000016,2.0,3.0,6.0,78.91,2.0,23.0,0.2631578947368421,2.019402675150491,9.1
FC(F)(F)c1ccc(-c2noc(-c3occc3Br)n2)cc1,619.759,4.627300000000004,3.0,7.0,13.0,151.76,5.0,45.0,0.6,1.3835679214714642,5.7
CCCc1cc(C2CCCCCCC2)nc(C#N)n1,362.47,3.5164000000000017,2.0,4.0,8.0,84.5,1.0,26.0,0.55,2.737928754361425,7.96
NC(=S)N/N=C/c1ccc(O)c(CN2CCCC2)c1O,219.24000000000004,1.6585,0.0,3.0,2.0,38.77,3.0,16.0,0.4166666666666667,1.7043303179820315,5.23
CC(=O)N1CCN(c2ccc(OCc3cc4cnc(C#N)nc4n3CCC3CCC(F)(F)CC3)cc2)CC1,550.6740000000003,2.8033,2.0,8.0,12.0,123.63,3.0,38.0,0.5185185185185185,1.788875827167602,8.0
CC(C)(C)OC(=O)N[C@@H](Cc1ccccc1)[C@H](O)CN1CCCc2ccccc2S1(=O)=O,647.6820000000002,-1.1708999999999914,7.0,10.0,12.0,240.77,3.0,46.0,0.5666666666666667,1.899426644942766,6.33
CN1C(=O)C(=O)c2cc(S(=O)(=O)N3CC[C@H]3COc3ccccc3)ccc21,477.5420000000003,3.043200000000001,0.0,6.0,7.0,96.88,5.0,34.0,0.24,1.3835431982361608,7.04
COC(=O)N[C@H](C(=O)NN(CC[C@@]1(Cc2ccccc2)C(=O)N([C@H]2c3ccccc3C[C@H]2O)C[C@@H]1O)Cc1ccc(-c2ccccn2)cc1)C(C)(C)C,454.57000000000033,5.985100000000006,1.0,4.0,6.0,58.64,5.0,34.0,0.3103448275862069,1.652863763121468,8.7
CC(=O)N[C@@H](Cc1ccccc1)C(=O)N[C@H](C(=O)N[C@@H](C)C(=O)N[C@H](C=O)CC(=O)O)C(C)C,476.5300000000002,-0.4622999999999961,5.0,6.0,13.0,170.76999999999998,1.0,34.0,0.4782608695652174,2.856364980671294,7.38
CC[C@H](NC(=O)[C@@H]1C[C@@H](S(=O)(=O)c2ccc(N3CCOCC3)cc2Cl)CN1C(=O)C1(c2ccc(Cl)cc2)CC1)C(=O)C(=O)NC1CC1,470.5070000000003,1.1191799999999992,2.0,7.0,7.0,151.81999999999996,4.0,33.0,0.3181818181818182,1.514388235738617,8.59
CCCC[C@H](NC(=O)O[C@H](Cn1ccc(-c2ccc(C(F)(F)F)cc2)n1)C(C)(C)C)C(=O)C(=O)Nc1ccn[nH]1,685.878,5.195820000000005,4.0,6.0,19.0,124.6,3.0,48.0,0.4594594594594595,1.8867177109820337,9.68
CN1C(=O)C(=O)c2cc([N+](=O)[O-])ccc21,206.157,0.7539,0.0,4.0,1.0,80.52,2.0,15.0,0.1111111111111111,2.6121005243157103,5.77
Cn1ccc2cc(-c3ccc(C[C@@H](C#N)NC(=O)[C@H]4N[C@@H]5CC[C@H]4C5)cc3)ccc21,670.6940000000002,-0.2356999999999932,7.0,10.0,19.0,271.67,1.0,46.0,0.4642857142857143,3.1216944743394004,7.05
O=C(O)C[C@H](NC(=O)c1ccc(CNS(=O)(=O)c2ccccc2)s1)C(=O)CSCc1ccccc1Cl,591.1070000000002,4.512900000000004,4.0,8.0,14.0,144.24,3.0,39.0,0.2592592592592592,1.5668754774268816,5.68
N#Cc1ccccc1CN1CCC(O)(Cn2cnc3c(cnn3-c3ccc(F)cc3)c2=O)CC1,271.32000000000005,1.3689799999999992,2.0,3.0,4.0,81.99000000000001,2.0,20.0,0.4,2.116663208067774,5.09
CC(C)[C@H](NC(=O)C(=O)Nc1ccccc1)C(=O)N[C@@H](CC(=O)O)C(=O)COc1c(F)c(F)cc(F)c1F,569.6140000000004,3.679900000000001,4.0,6.0,11.0,150.9,4.0,42.0,0.21875,1.417124677257027,7.0
CC(C)(C)NC(=O)N[C@H](C(=O)N1C[C@H]2[C@@H]([C@H]1C(=O)NC(CC1CCC1)C(=O)C(N)=O)C2(C)C)C(C)(C)C,635.7610000000002,4.9136400000000044,3.0,6.0,14.0,117.2,5.0,47.0,0.2894736842105263,1.292158628167943,7.12
C[n+]1ccsc1/C=C/[C@H](Cc1ccccc1)NC(=O)[C@H](Cc1ccccc1)NC(=O)OCc1ccccc1.[I-],843.2279999999995,9.657,2.0,6.0,12.0,113.01,7.0,60.0,0.6862745098039216,1.220740897097333,6.03
COc1ccc(S(=O)(=O)N(CC(C)C)C[C@@H](O)[C@H](Cc2ccccc2)NC(=O)O[C@H]2C[C@H]3CO[C@H]4O[C@H](C)C[C@@H]2[C@@H]34)cc1,409.4890000000002,3.8670800000000014,2.0,3.0,7.0,81.99000000000001,4.0,31.0,0.1923076923076923,1.4918220307045134,10.3
O=C(O)/C(S)=C/c1c[nH]c2cc(Cl)ccc12,351.139,2.6919000000000004,2.0,3.0,6.0,50.41,1.0,18.0,0.3333333333333333,2.9643158018305407,7.0
O=C(N[C@H](C(=O)N1C[C@H](F)[C@H]2OCC(=O)[C@H]21)C1CCCCC1)c1ccccc1,484.9840000000003,2.583100000000001,1.0,6.0,5.0,93.53,5.0,34.0,0.52,1.3926871086284411,7.02
O=C(/C=C/c1ccccc1)Nc1cccc(CNC(=O)c2cc3ccccc3s2)c1,452.6030000000004,3.0164000000000017,0.0,8.0,7.0,57.2,5.0,33.0,0.6,1.280528790462329,5.15
CC(NC(=O)c1cccc(C(F)(F)F)c1Cl)C(=O)C(=O)Nc1ccn(C)n1,632.6550000000001,5.718760000000005,2.0,6.0,11.0,122.85,3.0,44.0,0.3225806451612903,1.854379296616312,7.48
Cn1cc(-c2cnc(Nc3ccc(-c4ccsc4)cn3)nc2Nc2cccc(C(F)(F)F)c2)cn1,465.8630000000001,6.898600000000004,2.0,6.0,5.0,62.73,4.0,31.0,0.05,1.538114246159716,6.61
COc1ccc(CN2C(=O)C(=O)c3cc(S(=O)(=O)N4CCC[C@H]4COc4ccccc4)ccc32)cc1,690.7960000000003,4.7409200000000045,0.0,9.0,13.0,136.59,6.0,48.0,0.2571428571428571,1.0698959397951555,8.01
C[C@H](C#N)n1cc([C@@H](NC(=O)c2ccsc2)C2CCCCC2)nn1,543.6640000000003,6.576020000000007,1.0,8.0,5.0,83.43000000000002,8.0,40.0,0.5,1.0556945048653723,9.22
NC(=S)N/N=C1\CCS(=O)(=O)c2ccc(OC(F)(F)F)cc21,443.6170000000003,3.0679800000000013,1.0,6.0,4.0,89.33,4.0,31.0,0.7391304347826086,1.3605249105331247,5.4
N#CC1(NC(=O)[C@@H]2CCCC[C@H]2C(=O)N2CCN(c3nc4cnccc4s3)CC2)CC1,492.55300000000034,3.3538000000000023,1.0,6.0,7.0,104.22,5.0,35.0,0.2307692307692307,1.377888624892959,5.5
C[C@@H](OCc1ccccc1)[C@@H](C#N)NC(=O)[C@H](Cc1cccc(Cl)c1)NC(=O)c1ccc(-c2cncnc2)cc1,478.4840000000003,2.656600000000001,1.0,9.0,6.0,119.32,5.0,35.0,0.2916666666666667,1.266488202187897,5.2
O=C(NCc1ccccc1C(=O)N[C@H](/C=C/S(=O)(=O)c1ccccc1)CCc1ccccc1)c1cc(F)cc(F)c1,499.6110000000002,4.690800000000004,3.0,4.0,12.0,96.53,3.0,37.0,0.2333333333333333,1.7151913220668509,6.96
CC(C)C[C@H](NC(=O)OCc1ccccc1)C(=O)N[C@H](C=O)C(C)C,398.5480000000002,0.8808000000000027,4.0,5.0,14.0,130.39,0.0,28.0,0.8,5.104628410100053,8.4
O=C1C(=O)N(CCc2ccccc2)C(=O)c2ccccc21,280.66700000000003,0.7067,2.0,4.0,3.0,92.34,2.0,19.0,0.1666666666666666,2.3231968912187058,6.26
COc1ccc(-c2cccc(C(=O)NCc3cccc(NC(=O)/C=C/c4ccccc4)c3)c2)cc1,610.8470000000001,5.212300000000005,0.0,8.0,6.0,72.88000000000001,8.0,45.0,0.6756756756756757,0.9300018681761992,5.31
COc1ccc(NCCNC(=O)[C@H](CC2CCCCC2)NC(=O)c2ccc(-c3cccc(C(F)(F)F)c3)o2)cc1,374.3970000000002,0.6233999999999993,3.0,8.0,2.0,126.57,4.0,27.0,0.5555555555555556,1.6570728986838503,8.48
O=C(NC1CC1)C(=O)[C@H](CC1CCCCC1)NC(=O)[C@@H]1C[C@@H](S(=O)(=O)c2ccccc2Cl)CN1C(=O)C1(c2ccc(Cl)cc2)CC1,648.6089999999999,3.9432000000000023,1.0,6.0,11.0,120.93,5.0,43.0,0.4838709677419355,1.4418416717413298,6.68
CC(=O)N[C@@H](CC(=O)O)C(=O)N[C@@H](CCC(=O)O)C(=O)N[C@H](C(=O)N[C@H](CC=O)CC(=O)O)C(C)C,516.5040000000002,-1.9952999999999932,7.0,8.0,17.0,245.36999999999995,0.0,36.0,0.6190476190476191,5.698273978873402,7.65
Cn1cncc1C[C@H](NC(=O)[C@H]1O[C@@H]1C(=O)O)C(=O)Nc1nc(-c2ccc(F)cc2)cs1,552.415,2.5698800000000004,1.0,7.0,6.0,133.12,5.0,36.0,0.4347826086956521,1.4967387219797244,5.3
CC(C)(C)[C@H](NC(=O)[C@H](CC(=O)O)NC(=O)OCc1ccccc1)C(=O)N1CC[C@H]1C(=O)N[C@H](/C=C/S(C)(=O)=O)CC(=O)O,550.4390000000001,3.779880000000002,1.0,5.0,6.0,107.34,5.0,36.0,0.4,1.4967387219797244,5.25
CCNC(=O)CCCNC(=O)[C@H](CC(C)C)NC(=O)OC(C)(C)C,543.6640000000003,3.9830000000000014,3.0,5.0,14.0,113.6,3.0,40.0,0.3125,1.6548258403393266,6.77
N#Cc1ncc2cc(Cc3ccc(Cl)cc3)n(CCCC3CCCCC3)c2n1,477.5210000000001,2.822,4.0,7.0,13.0,150.38,3.0,35.0,0.28,1.3513536689050871,6.82
CC(C)C[C@H](NC(=O)OCc1ccccc1)C(=O)N[C@H](C#N)COC(C)(C)C,449.4600000000002,0.3757000000000016,4.0,6.0,8.0,162.11,2.0,32.0,0.4761904761904761,2.104164542305147,6.05
COC(=O)[C@@H](NC(=O)[C@H](CC(C)C)NC(=O)[C@@H](NC(=O)CCCOc1ccc2ccc(OCCCC(=O)N[C@H](C(=O)NNC(=O)[C@@H](NC(=O)OC(C)(C)C)C(C)C)C(C)C)cc2c1)C(C)C)C(C)C,415.4970000000002,2.9030600000000018,2.0,4.0,3.0,112.78,5.0,31.0,0.5,1.3684929782481996,7.05
N#CN1CC[C@H](NS(=O)(=O)c2ccccc2)C1,495.56100000000026,1.8553999999999995,0.0,8.0,8.0,114.7,5.0,35.0,0.3333333333333333,1.4171147268952602,6.3
CC(C)c1ccccc1-c1nc2c(c(NCc3ccc(-c4cccnc4)cc3)n1)CCC2,384.487,4.768220000000003,1.0,6.0,6.0,68.52000000000001,4.0,29.0,0.217391304347826,1.5315725622264498,6.8
Nc1ccccc1-c1nnc(C(=O)Nc2nnc(-c3ccc(Cl)cc3)s2)o1,355.8250000000001,2.6293000000000006,2.0,3.0,6.0,81.99000000000001,2.0,25.0,0.2105263157894736,2.189796664903971,5.4
CCC(C(=O)N[C@@H](CC(=O)O)C(=O)CSCc1ccccc1)n1ccnc(NCc2cncs2)c1=O,386.35100000000017,1.8969,3.0,5.0,9.0,121.8,1.0,27.0,0.4117647058823529,2.7833686827544546,8.18
COc1ccc(S(=O)(=O)N(CC(C)C)C[C@@H](O)[C@H](Cc2ccc(-c3ccc(SC)cc3)cc2)NC(=O)O[C@H]2CCOC2)cc1,719.883,4.833100000000004,4.0,8.0,12.0,144.32999999999998,6.0,53.0,0.3809523809523809,1.3123220569154264,8.13
CCCC(NC(=O)[C@@H]1[C@H]2CCC[C@H]2CN1C(=O)[C@@H](NC(=O)[C@@H](NC(=O)c1cnccn1)C(C)C)C(C)(C)C)C(=O)C(=O)NC1CC1,464.6060000000003,5.273400000000005,2.0,4.0,11.0,84.5,3.0,34.0,0.4642857142857143,1.6364536980222442,5.8
N#C[C@H](Cc1ccc(-c2ccc3c(c2)CNC3=O)cc1)NC(=O)[C@H]1N[C@@H]2CC[C@H]1C2,370.4560000000001,2.916660000000001,2.0,4.0,5.0,88.71000000000001,4.0,28.0,0.3478260869565217,1.3905809897466694,8.07
N#CN1CC[C@@H](NS(=O)(=O)c2cc(Br)ccc2Br)C1,557.6320000000002,3.463300000000002,0.0,8.0,8.0,114.7,6.0,40.0,0.2413793103448276,1.2185212925666578,5.8
N#CC1(NC(=O)[C@@H]2CCCC[C@H]2C(=O)N2CCN(c3nc4ccncc4s3)CC2)CC1,534.5900000000004,3.573500000000002,0.0,7.0,8.0,110.29,5.0,38.0,0.25,1.344970472139072,5.4
O=C(N[C@@H](Cc1ccccc1)C(=O)N[C@@H](Cc1ccccc1)C(=O)CSCc1ccccc1)OCc1ccccc1,280.375,3.4009800000000023,0.0,4.0,4.0,52.81,2.0,21.0,0.3529411764705882,2.2910416361884205,7.36
CCCC[C@H](NC(=O)OC(C)(C)C)C(=O)C(=O)NCc1cccs1,438.4470000000001,0.1364000000000027,3.0,5.0,8.0,124.68,0.0,30.0,0.7222222222222222,5.640039490044563,5.47
FC(F)(F)c1ccccc1-c1nc(NCc2ccc(-c3ccncc3)cc2)c2ccccc2n1,323.465,5.249020000000003,1.0,4.0,5.0,37.81,3.0,23.0,0.2631578947368421,1.9097043956993136,5.72
CC(=O)NC(C(=O)N[C@@H](CC(=O)O)C(=O)COC(=O)Cc1c(Cl)ccc(Cl)c1Cl)C(C)C,582.6570000000002,3.565800000000003,4.0,7.0,14.0,146.6,4.0,43.0,0.2424242424242424,1.4302134978524752,8.3
CCC(C(=O)NC(CC(=O)O)C(=O)CN1CCCC1)n1cccc(NC(=O)c2ccc3ccccc3c2)c1=O,532.5970000000002,2.829300000000001,3.0,7.0,11.0,137.80999999999997,4.0,39.0,0.3448275862068966,1.5067199513686405,8.14
COC[C@@H]1CCCN1S(=O)(=O)c1ccc2c(c1)C(=O)C(=O)N2Cc1ccc(OCC2CO2)cc1,374.40000000000026,4.196100000000003,2.0,6.0,3.0,107.18,5.0,28.0,0.1904761904761904,1.4054564364653608,7.38
CC(C)(F)C[C@H](N[C@@H](c1ccc(-c2ccc(C3(C(N)=O)CC3)cc2)cc1)C(F)(F)F)C(=O)N[C@H](C#N)Cc1ccccc1,557.6380000000001,5.225780000000005,2.0,5.0,10.0,99.06,3.0,39.0,0.3103448275862069,1.7972037269239984,7.57
CC[C@@H]1OCC(=O)[C@H]1NC(=O)[C@H](CC1(C)CCCC1)NC(=O)c1ccc(NS(C)(=O)=O)nc1,527.6870000000002,3.5481000000000025,2.0,5.0,11.0,104.81,3.0,37.0,0.4285714285714285,1.7497116995897426,7.2
Cc1ccc(NC(=O)c2ccccc2)c(=O)n1CC(=O)N[C@@H](CC(=O)O)C(=O)COc1ccccc1,527.5330000000004,2.8614000000000006,3.0,7.0,11.0,143.79999999999998,4.0,39.0,0.1379310344827586,1.4346488072814234,6.28
